id,price
1,52016.21
2,54059.41
3,23411.08
4,2717.43
5,5674.88
6,6408.25
7,3857.77
8,13616.31
9,4664.36
10,20200.17
11,4590.59
12,4992.74
13,4369.76
14,55586.11
15,42413.31
16,55299.51
17,53350.16
18,6622.36
19,63419.79
20,7248.91
21,5724.645
22,58149.02333333333
23,45489.9
24,5532.35
25,4947.37
26,4468.25
27,6033.15
28,5071.79
29,4197.77
30,6021.04
31,6434.91
32,65285.48
33,60496.54
34,52838.28
35,9752.42
36,5873.23
37,6020.1
38,47477.25
39,5437.04
40,2186.15
41,10003.58
42,78859.37
43,5446.11
44,3642.32
45,12519.16
46,3838.75
47,5905.74
48,12606.31
49,67918.0
50,6808.01
51,5668.92
52,3291.58
53,6339.61
54,4358.58
55,7454.94
56,2492.15
57,4066.0
58,53877.25
59,3465.76
60,61763.405
61,11343.32
62,55090.93
63,7318.24
64,10785.02
65,56188.25
66,62151.32
67,45445.88
68,12340.12
69,47802.7
70,45158.76
71,6054.68
72,6874.74
73,9456.85
74,7686.08
75,11770.63
76,6801.8
77,5775.37
78,3012.33
79,63613.02
80,11577.22
81,5128.3
82,6182.98
83,7586.65
84,6165.15
85,32334.53
86,59920.92
87,4839.77
88,12420.03
89,59823.15
90,4399.1
91,4481.02
92,63331.98
93,55368.0
94,83512.76
95,54862.95
96,12327.12
97,5441.17
98,19397.97
99,6552.79
100,66865.82
101,5181.02
102,8409.08
103,7477.45
104,2766.71
105,5895.14
106,8832.8
107,51384.71
108,55391.61
109,54120.79
110,2416.46
111,56075.66
112,53136.87
113,8811.29
114,2502.9
115,4150.23
116,3496.13
117,5895.33
118,3474.19
119,6024.22
120,14905.46
121,50511.27
122,14421.49
123,5962.77
124,46555.67
125,5730.06
126,5737.56
127,6412.79
128,13189.36
129,64700.83
130,5497.75
131,6248.58
132,61133.71
133,5951.79
134,5998.84
135,4902.87
136,44360.46
137,4849.17
138,7118.89
139,4069.18
140,4816.74
141,3476.38
142,51676.19
143,8290.35
144,1720.29
145,54267.65
146,2868.47
147,6354.66
148,15517.55
149,5928.76
150,4662.43
151,8127.8
152,62608.09
153,7476.23
154,7773.87
155,62392.58
156,6352.29
157,7337.16
158,5686.0
159,6045.41
160,4907.52
161,52582.28
162,6531.59
163,68609.4
164,7531.54
165,60149.38
166,34742.93
167,56689.25
168,4894.1
169,13107.6
170,52511.03
171,1854.79
172,6828.98
173,51757.16
174,56014.28
175,5383.49
176,70861.45
177,4341.65
178,3506.75
179,5337.59
180,72219.08
181,29344.94
182,7429.22
183,11744.69
184,5947.99
185,24769.98
186,6623.13
187,8258.06
188,53290.25
189,14725.29
190,4270.05
191,56312.69
192,3431.37
193,55991.9
194,7511.05
195,4823.56
196,6336.96
197,2568.2
198,15682.99
199,12864.14
200,60733.95
201,69314.39
202,12598.6
203,4438.395
204,7167.16
205,58984.36
206,62166.08
207,4202.49
208,45183.56
209,49293.27
210,9460.87
211,55782.15
212,41083.83
213,4185.81
214,5196.88
215,6400.69
216,49701.15
217,5684.19
218,31243.2
219,7535.43
220,3442.17
221,4012.85
222,4102.23
223,22215.58
224,54107.47
225,54194.27
226,12236.63
227,7555.38
228,10277.69
229,4964.36
230,59492.95
231,4360.66
232,6276.73
233,13564.75
234,10800.87
235,3833.62
236,7173.37
237,3012.92
238,3992.79
239,2421.28
240,8702.83
241,63069.58
242,50490.13
243,3954.88
244,60914.3
245,8931.09
246,49263.32
247,54464.06
248,4491.24
249,5113.43
250,64212.41
251,9493.26
252,5939.9
253,54675.24
254,11542.58
255,6454.2
256,70922.58
257,4632.5
258,2505.33
259,4653.82
260,55040.78
261,3565.02
262,6033.71
263,54290.41
264,4172.27
265,7842.295
266,1815.92
267,44332.83
268,48402.51
269,43917.74
270,7889.72
271,6352.84
272,7493.73
273,51199.03
274,32057.51
275,2471.23
276,8838.69
277,26435.82
278,7128.88
279,32567.86
280,6160.07
281,40189.05
282,5581.15
283,5928.22
284,6977.42
285,49743.7
286,6557.75
287,39585.93
288,6091.15
289,59163.22
290,1784.88
291,1997.78
292,6660.82
293,8405.83
294,6171.16
295,4865.59
296,4234.45
297,53795.48
298,15749.61
299,9681.37
300,5524.11
301,58300.57
302,2690.95
303,7005.0
304,11144.48
305,53276.55
306,5638.73
307,53789.12
308,5235.28
309,55491.0
310,11348.92
311,5382.25
312,54674.78
313,4730.39
314,2450.23
315,4035.81
316,33291.82
317,4327.38
318,5538.84
319,8519.31
320,4253.83
321,4503.48
322,60537.33
323,5411.33
324,3626.74
325,6791.09
326,10988.14
327,6707.21
328,5364.66
329,6002.9
330,4361.99
331,12500.56
332,7926.91
333,63646.13
334,5296.3
335,7238.4
336,11889.74
337,4581.43
338,22158.04
339,13729.13
340,47518.84
341,52344.23
342,48455.85
343,4174.68
344,5922.13
345,13067.28
346,66360.38
347,3535.2
348,3559.15
349,6112.53
350,10669.09
351,4187.71
352,5970.63
353,5101.59
354,4262.47
355,4382.0
356,74638.61
357,47637.51
358,4841.48
359,4618.2
360,49642.09
361,57038.6
362,6324.81
363,52244.06
364,2478.6
365,64287.29
366,28762.23
367,4026.86
368,4804.73
369,6440.69
370,6100.02
371,4969.26
372,4419.18
373,6091.09
374,6482.53
375,11650.22
376,49613.0
377,5666.07
378,57567.25
379,5104.42
380,2136.68
381,63315.3
382,6850.47
383,7632.61
384,4668.92
385,7574.23
386,65808.28
387,64273.99
388,5015.91
389,51608.78
390,58145.89
391,58163.89
392,82896.26
393,6869.19
394,56052.65
395,69724.3
396,55743.72
397,51208.35
398,4718.47
399,5621.9
400,2980.84
401,9878.87
402,6314.46
403,8223.31
404,57317.68
405,42514.71
406,5252.71
407,5581.53
408,67733.5
409,6127.86
410,4142.22
411,6531.97
412,52751.48
413,6559.67
414,6139.32
415,4825.35
416,2494.01
417,28758.64
418,6323.52
419,50995.44
420,11469.14
421,4427.78
422,4952.06
423,4113.34
424,58719.5
425,15321.38
426,4273.47
427,3342.96
428,11988.51
429,2150.0
430,6046.04
431,50676.41
432,6427.62
433,5971.82
434,63796.58
435,2201.07
436,6460.16
437,12882.65
438,12439.61
439,6106.44
440,65339.13
441,8411.71
442,59823.48
443,4688.7
444,3374.86
445,4364.46
446,49775.96
447,55486.07
448,8626.61
449,3997.79
450,47820.98
451,50067.36
452,48180.77
453,4323.07
454,5560.05
455,5274.87
456,2424.22
457,49431.71
458,42419.33
459,11350.94
460,6937.51
461,4476.78
462,5968.23
463,4506.4
464,6478.69
465,1661.96
466,2150.0
467,6178.23
468,5156.425
469,4894.57
470,8623.93
471,10608.92
472,10369.53
473,5303.02
474,6016.93
475,4633.83
476,11696.61
477,11947.26
478,4546.4
479,14198.95
480,25615.02
481,6383.93
482,5480.94
483,2953.99
484,3171.02
485,10598.58
486,6092.78
487,63529.5
488,4962.85
489,51792.63
490,5785.16
491,51411.19
492,5014.85
493,59027.24
494,54087.35
495,5885.39
496,34216.26
497,5584.1
498,4799.54
499,60512.19
500,46134.55
501,4533.11
502,4582.26
503,62492.52
504,45149.37
505,47355.07
506,8175.84
507,5513.51
508,32362.33
509,2703.85
510,54986.51
511,6149.2
512,5794.13
513,39973.16
514,7692.73
515,66846.06
516,68629.16
517,3686.76
518,47247.1
519,4631.15
520,5879.61
521,73374.08
522,54418.07
523,4150.64
524,4946.84
525,7687.97
526,6884.32
527,6934.84
528,2962.16
529,6204.97
530,15634.91
531,51234.35
532,3945.11
533,54946.65
534,10439.197047619047
535,10716.07
536,57430.54
537,56132.61
538,5321.09
539,4959.86
540,3677.55
541,4787.46
542,2976.76
543,10245.81
544,53532.5
545,77346.36
546,51777.04
547,3882.3
548,10545.61
549,56333.28
550,4886.29
551,55149.82
552,5613.0
553,6313.99
554,5021.75
555,5294.3
556,5574.75
557,64236.95
558,51964.37
559,5575.87
560,43855.21
561,43900.46
562,2804.57
563,5807.13
564,4018.19
565,4811.84
566,51441.63
567,9971.32
568,11197.99
569,7590.79
570,6290.68
571,5338.328333333333
572,16905.6
573,12904.79
574,4138.75
575,48296.27
576,5148.9
577,53132.64
578,4286.18
579,49109.13
580,65800.0
581,37329.49
582,4805.36
583,2345.85
584,2201.07
585,6507.69
586,56669.94
587,12426.23
588,70626.03
589,4480.71
590,3118.69
591,8210.29
592,62332.64
593,70402.26
594,5618.05
595,14719.63
596,61621.46
597,5326.72
598,2389.43
599,12128.58
600,36877.69
601,6505.75
602,5218.92
603,3683.04
604,7017.24
605,55509.84
606,6777.16
607,65568.44
608,35012.73
609,3858.39
610,7039.86
611,53274.16
612,4441.45
613,67574.92
614,8936.81
615,6578.53
616,6489.55
617,4205.51
618,14546.37
619,61353.01
620,50997.85
621,69293.91
622,5867.61
623,6427.98
624,11938.12
625,3838.69
626,4935.2
627,46657.41
628,50346.27
629,5510.29
630,54693.7
631,5243.12
632,65686.79
633,4958.89
634,5287.6
635,4162.98
636,4331.45
637,8043.23
638,56050.07
639,3016.17
640,56098.6525
641,39649.37
642,7722.58
643,4297.91
644,3537.48
645,4088.98
646,59258.22
647,76499.14
648,2810.64
649,11504.36
650,9731.255
651,55190.16
652,4265.63
653,61708.96
654,59897.34
655,6265.9
656,6788.55
657,2581.56
658,9721.59
659,55485.92
660,5947.1
661,6052.43
662,5101.24
663,3942.6
664,15084.09
665,5755.89
666,5161.04
667,12147.04
668,5260.19
669,3963.56
670,4228.82
671,64704.32
672,10756.85
673,5532.71
674,27815.6
675,59522.01
676,63286.23
677,35025.17
678,4895.84
679,14332.91
680,10425.26
681,5358.53
682,5299.72
683,7420.99
684,7972.03
685,6375.25
686,8283.57
687,14058.96
688,5409.09
689,4600.64
690,10200.3
691,4557.27
692,54942.67
693,7831.97
694,6972.1
695,6433.23
696,6335.83
697,6331.73
698,2965.93
699,10986.676666666664
700,5161.01
701,63728.99
702,2575.53
703,3707.12
704,6587.73
705,50771.07
706,4084.07
707,50973.75
708,3750.29
709,3235.86
710,51735.21
711,12237.72
712,56387.38
713,39241.53
714,4774.84
715,51436.4
716,6087.47
717,8072.66
718,10983.85
719,25008.92
720,6564.02
721,59236.58
722,55295.96
723,53775.63
724,9825.94
725,46067.62
726,56076.5
727,5049.22
728,3486.2
729,7249.82
730,76765.47
731,27951.76
732,5520.31
733,5423.2
734,3859.83
735,53219.34
736,5418.05
737,3951.38
738,4594.79
739,59014.39
740,50055.94
741,55888.79
742,58628.82
743,4435.43
744,64574.56
745,12882.27
746,5389.78
747,63048.52
748,7848.86
749,56574.98
750,57287.75
751,6110.23
752,5229.53
753,5641.56
754,4627.82
755,4967.87
756,57985.88
757,45846.04
758,5842.02
759,55562.82
760,4884.31
761,7287.14
762,5015.34
763,7619.47
764,9116.27
765,56579.88
766,4891.75
767,69592.9
768,7535.56
769,4827.53
770,6377.55
771,4626.94
772,53313.63
773,78821.95
774,5712.23
775,4098.87
776,56172.87
777,52335.9
778,4397.16
779,4338.04
780,2486.13
781,4762.59
782,43331.9
783,6157.79
784,23437.72
785,7306.54
786,7395.52
787,13414.16
788,5045.78
789,73086.74
790,17324.48
791,42921.46
792,34291.84
793,7711.49
794,32150.0
795,23907.92
796,64500.98
797,5174.36
798,7822.96
799,10277.76
800,1723.87
801,16498.23
802,6755.55
803,6171.94
804,52393.48
805,6202.54
806,25317.2
807,73391.87
808,13137.49
809,43431.49
810,7861.85
811,40760.25
812,7067.59
813,4932.61
814,58508.17
815,6610.9
816,8710.94
817,6416.46
818,6039.89
819,4731.5
820,56134.99
821,47414.61
822,5158.79
823,24122.0
824,50095.11
825,52390.8
826,6444.78
827,54771.35
828,3035.1
829,47984.98
830,6419.52
831,10229.62
832,3839.74
833,60247.75
834,64193.83
835,5696.78
836,4423.78
837,40962.03
838,15240.78
839,5626.22
840,11407.29
841,60883.66
842,50971.59
843,2475.25
844,23944.0
845,6057.97
846,68711.21
847,44023.74
848,9601.62
849,5579.44
850,13975.76
851,4723.52
852,7596.19
853,5466.01
854,53911.0
855,18751.39
856,5409.39
857,54684.0
858,5379.97
859,6206.99
860,7833.62
861,5065.25
862,2986.88
863,49095.45
864,5653.94
865,2900.45
866,11586.06
867,49137.35
868,2124.0
869,3945.24
870,67440.16
871,4965.82
872,16478.61
873,44819.61
874,7250.09
875,67120.54
876,6182.03
877,3378.83
878,46944.85
879,4164.93
880,66079.02
881,4774.13
882,4509.92
883,9234.36
884,4488.43
885,6531.03
886,6462.27
887,4310.0
888,52051.96
889,41440.43
890,2200.23
891,5214.37
892,2236.52
893,3287.98
894,56837.45
895,8755.6
896,66079.58
897,5252.59
898,53223.36
899,6076.01
900,5401.18
901,62711.45
902,42780.81
903,9898.49
904,4971.42
905,5168.73
906,6151.11
907,59120.76
908,63696.76
909,6581.82
910,6642.6
911,5558.9
912,4575.06
913,64276.0
914,4153.0
915,5938.89
916,50104.9
917,6308.15
918,30108.14
919,3447.33
920,11743.65
921,70416.22
922,11524.58
923,55440.43
924,4935.64
925,54420.5
926,4596.64
927,72024.72
928,5558.65
929,31061.76
930,12661.06
931,10267.29
932,3021.09
933,50382.3
934,4526.36
935,4415.42
936,4899.0599999999995
937,5843.31
938,43587.83
939,15529.29
940,5765.35
941,5007.77
942,67368.97
943,6248.39
944,4745.42
945,2461.74
946,7169.49
947,54103.64
948,2237.9
949,69385.91
950,51700.04
951,44583.42
952,53683.31
953,2458.56
954,12937.96
955,4409.87
956,50723.16
957,7297.82
958,8369.89
959,3058.46
960,69387.36
961,56083.99
962,5759.36
963,11605.56
964,4424.42
965,5773.18
966,6053.36
967,66265.36
968,9738.96
969,4331.05
970,4007.92
971,7018.19
972,61080.12
973,4167.95
974,48915.91
975,60322.85
976,59120.67
977,4443.87
978,75234.59
979,5686.74
980,6181.0
981,11314.84
982,58005.544
983,6039.94
984,5709.45
985,5147.41
986,6641.63
987,12341.03
988,5556.73
989,3596.23
990,6939.53
991,63990.21
992,60154.92
993,7269.52
994,51402.37
995,11734.75
996,4480.96
997,5286.06
998,6653.97
999,6660.47
1000,4566.9
1001,3638.54
1002,10178.12
1003,60419.97
1004,4676.1
1005,11085.9
1006,11803.74
1007,3553.06
1008,3793.72
1009,19819.23
1010,2584.79
1011,39366.94
1012,54056.58
1013,4388.66
1014,57559.03
1015,67946.26
1016,41317.17
1017,43023.19
1018,10870.08
1019,6666.67
1020,3044.57
1021,11697.45
1022,4280.2
1023,3526.72
1024,50383.0
1025,11312.79
1026,57084.1
1027,4141.24
1028,53208.62
1029,6863.41
1030,54684.0
1031,6298.57
1032,3459.59
1033,43492.98
1034,7595.45
1035,5406.92
1036,27799.9
1037,5034.29
1038,42101.18
1039,4664.94
1040,3031.09
1041,59795.96
1042,33193.77
1043,10814.22
1044,6074.0
1045,5629.67
1046,62276.28
1047,44266.52
1048,4479.04
1049,5770.28
1050,2069.84
1051,2969.38
1052,5653.77
1053,5820.48
1054,55539.07
1055,3659.91
1056,6432.51
1057,8806.85
1058,8946.11
1059,7059.23
1060,3127.14
1061,67866.42
1062,51364.14
1063,4354.16
1064,7642.61
1065,10691.05
1066,5364.35
1067,18984.22
1068,20343.16
1069,44048.2
1070,1799.35
1071,5044.96
1072,43703.15
1073,59294.15
1074,15791.58
1075,12525.13
1076,5820.12
1077,6291.84
1078,5239.13
1079,19644.29
1080,4820.27
1081,47702.91
1082,4678.56
1083,5286.95
1084,11942.67
1085,5208.07
1086,6713.17
1087,9544.53
1088,5610.27
1089,15925.33
1090,5714.49
1091,6351.0
1092,11684.32
1093,5603.46
1094,5265.86
1095,9148.79
1096,50407.42
1097,65997.7
1098,4851.39
1099,4712.76
1100,49688.08
1101,4227.87
1102,13227.62
1103,3469.51
1104,61043.48
1105,2828.63
1106,9399.27
1107,5181.32
1108,7471.42
1109,57085.43
1110,2415.52
1111,12736.81
1112,53286.49
1113,5672.98
1114,57605.3
1115,12191.77
1116,4166.46
1117,59621.71
1118,50107.58
1119,6093.32
1120,3725.23
1121,4879.23
1122,1972.39
1123,5568.81
1124,4838.29
1125,55854.28
1126,6456.49
1127,4729.38
1128,48564.81
1129,5289.12
1130,6646.99
1131,8758.95
1132,6000.21
1133,67879.4
1134,5884.79
1135,5541.89
1136,5321.55
1137,7263.41
1138,28503.3
1139,5761.05
1140,3407.99
1141,4616.19
1142,6651.46
1143,2460.31
1144,6539.2
1145,47946.06
1146,61260.56
1147,13966.3
1148,41161.87
1149,6549.23
1150,2900.83
1151,4018.81
1152,13226.48
1153,4165.93
1154,8873.14
1155,13749.34
1156,7905.05
1157,5247.46
1158,45034.84
1159,7306.77
1160,2729.9
1161,5991.04
1162,7652.91
1163,5856.09
1164,76381.9
1165,6474.99
1166,46308.78
1167,7814.66
1168,4975.9
1169,12852.57
1170,3995.25
1171,6495.4
1172,45820.09
1173,2810.21
1174,6394.38
1175,2816.77
1176,4415.45
1177,2117.19
1178,4601.61
1179,14604.8
1180,4399.61
1181,4811.93
1182,6067.01
1183,53633.32
1184,56272.45
1185,19958.9
1186,6407.63
1187,52919.47
1188,2964.2
1189,5739.34
1190,14781.74
1191,68553.1
1192,56945.91
1193,14776.275
1194,5718.82
1195,3143.57
1196,12493.995
1197,66580.08
1198,14920.61
1199,5650.35
1200,5975.97
1201,11185.33
1202,22223.76
1203,5804.32
1204,49153.27
1205,6332.6
1206,15199.34
1207,4476.43
1208,5441.41
1209,8016.79
1210,5563.78
1211,66533.62
1212,56124.49
1213,3778.06
1214,4430.68
1215,5593.6433333333325
1216,17392.39
1217,3410.73
1218,2962.32
1219,62112.27
1220,28835.2
1221,65720.36
1222,3890.53
1223,3922.56
1224,45492.15
1225,63614.11
1226,4821.86
1227,5272.7
1228,4499.73
1229,10620.84
1230,53018.28
1231,4663.12
1232,5263.82
1233,5227.41
1234,5570.27
1235,60140.22
1236,5033.63
1237,63323.93
1238,4631.92
1239,8222.32
1240,11551.33
1241,51574.06
1242,5341.8
1243,53840.37
1244,5829.24
1245,6611.85
1246,6546.04
1247,5565.13
1248,4884.48
1249,6590.11
1250,6961.85
1251,5030.42
1252,54434.37
1253,54503.14
1254,2388.64
1255,3969.72
1256,54054.57
1257,5502.42
1258,5186.19
1259,5615.28
1260,11758.3
1261,4321.53
1262,9430.86
1263,12910.35
1264,42449.87
1265,4026.37
1266,32480.39
1267,5012.88
1268,7841.34
1269,8305.37
1270,59256.09
1271,7105.56
1272,5135.23
1273,17993.612
1274,11314.72
1275,5948.68
1276,4763.51
1277,78399.55
1278,10495.71
1279,12296.4
1280,64215.89
1281,23944.0
1282,57412.24
1283,4470.6
1284,6436.99
1285,4347.71
1286,51952.09
1287,7174.83
1288,76441.15
1289,4928.65
1290,9828.17
1291,6848.25
1292,49581.87
1293,10875.43
1294,11105.14
1295,6188.11
1296,47478.69
1297,4877.99
1298,11098.51
1299,12028.97
1300,6436.38
1301,7671.99
1302,51294.5
1303,2377.05
1304,4467.57
1305,6577.38
1306,4480.0
1307,4582.93
1308,7211.18
1309,52196.45
1310,81717.1
1311,6489.3
1312,13513.84
1313,45485.59
1314,42508.51
1315,11543.99
1316,12932.78
1317,5484.84
1318,5413.4333333333325
1319,2552.39
1320,25752.36
1321,6143.11
1322,8133.02
1323,2124.0
1324,6285.79
1325,53583.27
1326,3333.36
1327,6138.76
1328,70741.32
1329,5061.81
1330,6444.49
1331,6526.02
1332,12634.51
1333,2320.72
1334,12256.01
1335,8162.91
1336,6733.29
1337,41572.03
1338,7137.9
1339,5315.02
1340,7462.52
1341,9664.266666666666
1342,2356.18
1343,2433.37
1344,7638.37
1345,2106.33
1346,67203.97
1347,5020.09
1348,51695.96
1349,5577.88
1350,6341.76
1351,11433.34
1352,10586.83
1353,10113.9
1354,5747.08
1355,8060.24
1356,46961.08
1357,29240.83
1358,11647.48
1359,8841.25
1360,13445.24
1361,4701.98
1362,43084.58
1363,7720.963333333332
1364,9011.28
1365,47609.09
1366,69098.17
1367,11565.64
1368,7658.34
1369,52834.76
1370,46499.62
1371,4753.57
1372,20929.84
1373,6618.86
1374,48151.86
1375,5950.52
1376,10500.12
1377,5252.53
1378,4314.12
1379,4573.67
1380,53827.53
1381,4572.95
1382,69513.71666666666
1383,54440.46
1384,42647.24
1385,6048.84
1386,4638.18
1387,2928.88
1388,5484.62
1389,56738.86
1390,5060.73
1391,49476.45
1392,2206.12
1393,55165.71
1394,51358.2
1395,2693.65
1396,4969.93
1397,6405.64
1398,54409.38
1399,36261.98
1400,67237.09
1401,13081.15
1402,68420.49
1403,7066.48
1404,2416.69
1405,33037.57
1406,8449.4
1407,74608.04
1408,11100.246666666666
1409,4504.9
1410,45865.6
1411,7587.49
1412,6677.78
1413,67286.72
1414,12437.24
1415,55354.67
1416,5786.83
1417,6253.66
1418,2150.0
1419,5170.81
1420,4822.59
1421,46337.39
1422,4177.18
1423,54317.87
1424,5991.29
1425,49081.03
1426,4499.27
1427,8255.13
1428,46850.12
1429,2259.77
1430,4033.01
1431,43848.73
1432,53312.43
1433,3469.45
1434,2185.63
1435,3071.47
1436,72088.72
1437,5614.48
1438,32024.42
1439,55637.51
1440,49705.83
1441,8536.27
1442,57607.415
1443,54997.37
1444,8867.94
1445,59199.47
1446,46775.45
1447,8420.85
1448,44768.08
1449,2890.32
1450,71408.13
1451,3774.95
1452,37331.45
1453,5488.55
1454,6733.63
1455,4425.7
1456,47735.28
1457,57437.36
1458,6098.73
1459,3227.91
1460,3683.92
1461,14312.88
1462,6046.66
1463,50658.68
1464,2944.41
1465,3660.1
1466,3114.77
1467,44778.37
1468,44510.33
1469,51337.17
1470,4568.71
1471,13697.61
1472,15210.82
1473,4004.56
1474,52859.36
1475,3602.29
1476,12805.21
1477,43459.86
1478,6367.63
1479,6981.25
1480,12543.77
1481,42199.11
1482,40936.81
1483,4242.23
1484,4982.31
1485,7192.17
1486,12040.48
1487,7296.08
1488,41581.02
1489,7013.54
1490,8602.06
1491,8241.33
1492,46120.32
1493,53140.25
1494,9887.19
1495,49070.19
1496,62126.98
1497,2454.55
1498,7269.39
1499,4793.29
1500,6191.33
1501,7831.07
1502,10397.8
1503,3956.54
1504,13695.39
1505,4966.04
1506,64304.3
1507,3784.98
1508,60521.6825
1509,54597.34
1510,60983.4
1511,6347.74
1512,55234.06
1513,52113.53
1514,5989.8
1515,48708.56
1516,44208.44
1517,4913.5
1518,5311.21
1519,71682.25
1520,5535.54
1521,4612.79
1522,3240.3
1523,5855.93
1524,57371.62
1525,9206.25
1526,11481.08
1527,12464.89
1528,41574.2
1529,5944.58
1530,7980.41
1531,48692.2
1532,6495.29
1533,40800.9
1534,8848.38
1535,6971.25
1536,54419.69
1537,11736.24
1538,13460.56
1539,4382.22
1540,5628.07
1541,5771.75
1542,56632.38
1543,8731.44
1544,43039.06
1545,28058.77
1546,54684.0
1547,24936.24
1548,10930.11
1549,5954.75
1550,46617.68
1551,6494.18
1552,8869.83
1553,70163.08
1554,7994.1
1555,5116.96
1556,4964.19
1557,7449.2
1558,33126.61
1559,11749.66
1560,80204.68
1561,7412.15
1562,5952.61
1563,58415.36
1564,68812.46
1565,7088.37
1566,7141.47
1567,6055.29
1568,7769.8
1569,54956.4
1570,3129.94
1571,8236.63
1572,4396.17
1573,3358.87
1574,20113.33
1575,53441.04
1576,14401.48
1577,7955.21
1578,55659.97
1579,5280.25
1580,6498.16
1581,50656.46
1582,2547.36
1583,68907.91
1584,6157.58
1585,5363.66
1586,13600.13
1587,4178.43
1588,5034.52
1589,44999.48
1590,79956.52
1591,48530.52
1592,5199.01
1593,8941.79
1594,1878.47
1595,8842.53
1596,3105.12
1597,5914.02
1598,22130.48
1599,5582.93
1600,54825.36
1601,10991.39
1602,11481.14
1603,5775.99
1604,11474.22
1605,6926.16
1606,59321.93
1607,4509.36
1608,6400.63
1609,4845.96
1610,52969.67
1611,4011.09
1612,5312.36
1613,5027.59
1614,5382.44
1615,51006.48
1616,50372.8
1617,52440.9
1618,5183.18
1619,6729.74
1620,50688.69
1621,63950.38
1622,4912.06
1623,4682.2
1624,3578.66
1625,5732.07
1626,6860.09
1627,71561.89
1628,9102.57
1629,44246.56
1630,57738.17
1631,9309.21
1632,5341.1033333333335
1633,8465.98
1634,5916.89
1635,8105.07
1636,7453.15
1637,11876.19
1638,10322.2
1639,5312.59
1640,5922.31
1641,69955.51
1642,15147.42
1643,13218.63
1644,7826.22
1645,60505.52
1646,6462.68
1647,58599.26
1648,44249.9
1649,6083.7
1650,13435.95
1651,60747.2
1652,11728.14
1653,56102.78
1654,2346.91
1655,15636.93
1656,4892.54
1657,5438.6
1658,55678.06
1659,5222.15
1660,6197.11
1661,51643.08
1662,6412.28
1663,5722.29
1664,56290.89
1665,5493.64
1666,3304.4
1667,11132.17
1668,8512.51
1669,4881.88
1670,50315.58
1671,55862.89
1672,5074.92
1673,5289.83
1674,11252.65
1675,33155.47
1676,61961.82
1677,1908.17
1678,53162.49
1679,5234.65
1680,55843.52
1681,4918.91
1682,55850.85
1683,5147.33
1684,6831.16
1685,4022.55
1686,2915.47
1687,3370.06
1688,5980.55
1689,1805.64
1690,1661.96
1691,5858.78
1692,5216.5
1693,4837.39
1694,55830.29
1695,2409.75
1696,4123.44
1697,6526.8
1698,3928.53
1699,54553.95
1700,6694.38
1701,5669.85
1702,5828.7
1703,5793.21
1704,2865.05
1705,8593.76
1706,6313.64
1707,5837.69
1708,4445.64
1709,7463.38
1710,5086.93
1711,7145.28
1712,14117.06
1713,6166.13
1714,5911.97
1715,49665.22
1716,5027.79
1717,4392.02
1718,10050.31
1719,2437.22
1720,54116.04
1721,22152.84
1722,5985.15
1723,5981.76
1724,8020.78
1725,67549.6
1726,53768.66
1727,6024.03
1728,51538.4
1729,5648.98
1730,4465.57
1731,62013.24
1732,5656.35
1733,17847.81
1734,5221.14
1735,5840.74
1736,39114.47
1737,53110.96
1738,12023.05
1739,2858.75
1740,4699.27
1741,6022.93
1742,1657.58
1743,2293.5
1744,5001.18
1745,5242.12
1746,2827.6
1747,14628.24
1748,4627.98
1749,52426.59
1750,5805.73
1751,46378.69
1752,10802.07
1753,5036.06
1754,69034.33
1755,6389.53
1756,41094.53
1757,53643.99
1758,7469.69
1759,63212.64
1760,25140.62
1761,56409.86
1762,7764.38
1763,5854.62
1764,2121.66
1765,7289.45
1766,1592.2
1767,5096.87
1768,5813.08
1769,9820.53
1770,6281.01
1771,5600.84
1772,13555.52
1773,59480.89
1774,3729.01
1775,57591.81
1776,8097.45
1777,5011.02
1778,7862.84
1779,1113.92
1780,55422.5
1781,11619.15
1782,5114.89
1783,76115.49
1784,6632.59
1785,46125.56
1786,6079.17
1787,6970.8
1788,8258.5
1789,6330.99
1790,2377.85
1791,4570.5
1792,14973.21
1793,3972.78
1794,8121.88
1795,10154.2
1796,6353.05
1797,5823.19
1798,68293.72
1799,1842.71
1800,5976.32
1801,4940.45
1802,6204.77
1803,2242.98
1804,62136.78
1805,12895.97
1806,3018.99
1807,6601.65
1808,5253.74
1809,6339.63
1810,72205.98
1811,6397.52
1812,5017.2
1813,79585.62
1814,6166.55
1815,7390.48
1816,6063.09
1817,56841.64
1818,5573.13
1819,1880.81
1820,5304.585
1821,9212.61
1822,51828.16
1823,24588.55
1824,8279.27
1825,13773.4
1826,6042.55
1827,15640.44
1828,51491.95
1829,18081.54
1830,5871.73
1831,22118.6
1832,39416.91
1833,5217.81
1834,5677.91
1835,27864.0
1836,2047.54
1837,5868.78
1838,5106.62
1839,12163.73
1840,69779.3
1841,4642.79
1842,54982.23
1843,56383.09
1844,15017.61
1845,16630.08
1846,6039.33
1847,5462.88
1848,6333.15
1849,9410.41
1850,7500.95
1851,10159.8
1852,6149.18
1853,4631.63
1854,11119.16
1855,6975.75
1856,5436.75
1857,55454.16
1858,10360.45
1859,6919.8
1860,8092.71
1861,5910.03
1862,51840.8
1863,4865.04
1864,3455.04
1865,63214.4
1866,14296.31
1867,5343.43
1868,5075.56
1869,4489.85
1870,6380.09
1871,3793.38
1872,69449.68
1873,10715.08
1874,10370.93
1875,5505.51
1876,6615.21
1877,11993.82
1878,43511.88
1879,4872.66
1880,2518.41
1881,13892.07
1882,8563.64
1883,10228.72
1884,5987.86
1885,2513.57
1886,2636.36
1887,54465.7
1888,6998.49
1889,4355.16
1890,54825.45
1891,6197.14
1892,6525.44
1893,4948.69
1894,5454.78
1895,6091.3
1896,54501.18
1897,9396.39
1898,1905.2
1899,4799.34
1900,8981.46
1901,5348.98
1902,5479.34
1903,6825.14
1904,5826.58
1905,12943.18
1906,51325.38
1907,1839.71
1908,6139.98
1909,5907.69
1910,3678.08
1911,10227.47
1912,7245.29
1913,4848.69
1914,16458.13
1915,6496.27
1916,6205.23
1917,43380.51
1918,6906.94
1919,5291.43
1920,6392.05
1921,6169.15
1922,67205.65
1923,2363.59
1924,61926.49
1925,5423.8
1926,3870.68
1927,56479.23
1928,6570.15
1929,5082.55
1930,2222.36
1931,7858.88
1932,6604.96
1933,11081.22
1934,12710.93
1935,3555.49
1936,70521.65
1937,7086.66
1938,5559.15
1939,4812.96
1940,2627.48
1941,49162.0
1942,11084.57
1943,6509.91
1944,6075.13
1945,49407.45
1946,3431.47
1947,13721.26
1948,4938.28
1949,5171.8
1950,9212.16
1951,1988.0
1952,7528.55
1953,53291.58
1954,8883.79
1955,63649.92
1956,17295.3
1957,5156.46
1958,48699.34
1959,4928.89
1960,5284.75
1961,50954.31
1962,7558.2
1963,42168.38
1964,55724.31
1965,3519.4
1966,34273.66
1967,11107.49
1968,3113.72
1969,13898.62
1970,5900.27
1971,4694.61
1972,2048.77
1973,40478.17
1974,3867.18
1975,13154.82
1976,3812.09
1977,6510.99
1978,54271.48
1979,4659.86
1980,5661.88
1981,5021.94
1982,61253.36
1983,32534.42
1984,4945.31
1985,66388.48
1986,54449.82
1987,10266.51
1988,46511.79
1989,57018.69
1990,46802.99
1991,7278.26
1992,5271.3
1993,4650.24
1994,4154.49
1995,2420.41
1996,1778.47
1997,9419.61
1998,4825.53
1999,1774.6
2000,6541.1
2001,64680.16
2002,4356.47
2003,3984.3
2004,68338.09
2005,2362.34
2006,6365.37
2007,47365.68
2008,34153.75
2009,62057.88
2010,11031.05
2011,5642.583333333332
2012,4978.47
2013,4952.31
2014,15369.92
2015,11979.34
2016,11825.28
2017,10469.29
2018,11630.82
2019,10607.31
2020,4199.98
2021,8661.85
2022,5697.35
2023,5885.01
2024,10083.22
2025,14500.86
2026,6507.12
2027,3070.24
2028,5925.17
2029,7090.62
2030,4938.72
2031,16537.18
2032,48799.2
2033,3682.41
2034,30895.18
2035,42130.48
2036,5697.64
2037,3436.4
2038,53373.44
2039,64447.655
2040,55862.26
2041,61577.07
2042,6194.74
2043,5509.71
2044,7385.16
2045,52303.22
2046,46102.08
2047,42149.62
2048,4315.47
2049,5668.53
2050,4971.11
2051,2552.06
2052,35430.17
2053,56329.87
2054,6561.92
2055,46586.22
2056,42604.02
2057,62198.03
2058,6413.52
2059,4460.06
2060,4472.58
2061,66853.41
2062,5543.98
2063,5263.3
2064,5634.55
2065,6454.45
2066,5644.56
2067,6418.38
2068,8571.37
2069,7180.78
2070,4415.0
2071,2624.45
2072,60453.19
2073,4623.7
2074,5412.5
2075,65231.84
2076,11877.4
2077,1693.99
2078,7371.36
2079,6010.29
2080,3714.75
2081,51079.75
2082,5780.81
2083,4539.42
2084,1796.06
2085,49567.77
2086,5491.85
2087,66321.84
2088,71072.91
2089,4581.7
2090,4541.58
2091,11819.93
2092,4733.51
2093,3919.58
2094,59619.37
2095,15226.21
2096,57618.41
2097,12365.5
2098,5975.77
2099,54381.45
2100,8121.64
2101,7893.43
2102,3615.04
2103,70414.26
2104,59804.19
2105,49725.0
2106,5682.32
2107,7826.84
2108,3848.59
2109,11428.68
2110,54857.31
2111,4838.56
2112,7220.95
2113,3959.75
2114,56090.65
2115,6318.55
2116,45884.93
2117,5172.2
2118,4652.58
2119,47147.01
2120,5304.26
2121,48617.64
2122,6765.41
2123,49349.81
2124,7390.59
2125,61506.38
2126,3525.27
2127,51516.07
2128,3957.54
2129,59165.86
2130,5147.05
2131,51923.82
2132,58492.47
2133,4345.24
2134,4515.53
2135,2751.65
2136,2993.61
2137,5776.96
2138,50686.9
2139,5186.51
2140,7393.63
2141,5103.6
2142,57385.42
2143,7168.07
2144,52474.3
2145,4510.07
2146,5054.72
2147,4401.42
2148,4660.24
2149,8020.49
2150,6312.73
2151,6177.42
2152,8123.39
2153,48420.97
2154,49071.79
2155,31268.08
2156,5272.68
2157,12915.96
2158,13784.01
2159,10575.49
2160,8083.68
2161,51707.0
2162,3230.22
2163,56390.39
2164,5928.9
2165,7316.2
2166,4380.54
2167,41360.49
2168,57781.41
2169,6185.32
2170,5207.13
2171,46992.34
2172,4115.97
2173,5072.39
2174,2894.9
2175,5127.79
2176,42897.7
2177,50271.0
2178,54771.93
2179,7565.45
2180,64054.05
2181,3144.73
2182,42401.48
2183,41576.29
2184,4879.33
2185,6783.06
2186,9415.46
2187,15984.76
2188,6779.37
2189,6549.23
2190,9450.49
2191,46797.31
2192,6237.48
2193,6264.02
2194,2282.15
2195,5218.33
2196,58590.28
2197,62074.62
2198,54974.93
2199,3928.51
2200,4203.95
2201,5168.01
2202,5672.51
2203,6275.18
2204,9293.74
2205,4701.78
2206,4450.85
2207,73294.28
2208,4949.73
2209,69962.95
2210,11347.09
2211,12748.82
2212,52044.15
2213,70064.78
2214,10980.51
2215,4527.46
2216,7044.89
2217,57272.8
2218,56915.92
2219,3069.04
2220,55713.32
2221,5651.38
2222,3122.1
2223,5914.1
2224,4329.28
2225,3950.9
2226,6269.94
2227,5128.67
2228,11339.67
2229,11949.16
2230,4718.04
2231,2349.85
2232,58425.16
2233,18611.52
2234,5822.85
2235,56556.83
2236,5224.76
2237,12723.4
2238,4687.35
2239,6748.68
2240,62057.26
2241,10900.13
2242,5189.22
2243,50016.05
2244,2150.0
2245,5136.74
2246,9550.11
2247,4081.37
2248,7798.31
2249,4846.77
2250,6201.87
2251,10266.74
2252,52856.15
2253,8592.14
2254,42216.68
2255,4802.09
2256,6012.72
2257,3213.59
2258,6067.78
2259,5684.27
2260,7179.12
2261,6975.6
2262,10260.88
2263,10862.73
2264,7878.69
2265,2669.81
2266,26152.57
2267,37321.49
2268,11001.84
2269,5760.15
2270,5032.93
2271,3226.98
2272,5550.76
2273,2128.76
2274,47641.51
2275,44901.9
2276,2951.04
2277,9720.96
2278,2568.5
2279,7363.92
2280,42686.04
2281,4232.73
2282,64947.84
2283,61217.0
2284,8051.09
2285,7953.98
2286,48551.67
2287,62962.54
2288,2393.45
2289,5822.85
2290,3964.09
2291,5205.86
2292,2226.93
2293,17458.845
2294,8213.94
2295,4899.85
2296,6924.36
2297,28740.65
2298,6548.09
2299,10325.48
2300,3414.41
2301,46854.13
2302,5299.78
2303,55510.5
2304,7901.53
2305,47559.07
2306,6519.58
2307,16453.87
2308,69542.86
2309,4121.11
2310,8090.66
2311,58264.41
2312,12882.97
2313,56678.91
2314,5125.05
2315,14393.06
2316,4966.3
2317,53138.51
2318,23493.5
2319,13446.22
2320,7086.43
2321,55435.14
2322,3788.6
2323,15587.09
2324,9130.23
2325,5678.98
2326,5936.43
2327,12011.18
2328,36369.8
2329,6639.66
2330,5905.51
2331,48159.21
2332,9316.66
2333,6695.38
2334,10853.71
2335,48225.21
2336,52237.21
2337,55968.39
2338,2415.15
2339,41391.45
2340,8851.9
2341,39804.57
2342,4933.98
2343,43553.49
2344,6442.27
2345,55137.12
2346,4797.68
2347,7793.7
2348,10175.45
2349,5868.56
2350,54384.46
2351,4035.28
2352,4313.17
2353,5079.62
2354,2436.95
2355,5198.23
2356,51668.72
2357,50638.27
2358,5519.96
2359,5724.81
2360,7120.52
2361,57124.47
2362,65027.82
2363,4744.08
2364,51320.94
2365,6482.37
2366,59142.61
2367,4225.96
2368,80347.73
2369,56995.26
2370,6180.92
2371,6305.68
2372,4588.25
2373,5731.39
2374,4333.05
2375,4067.32
2376,52144.26
2377,13658.44
2378,55916.86
2379,4812.35
2380,24824.79
2381,3666.32
2382,10385.05
2383,85247.32
2384,8404.71
2385,10207.03
2386,55410.52
2387,5180.24
2388,6200.34
2389,3519.63
2390,48811.91
2391,5208.62
2392,11540.02
2393,8499.62
2394,12468.91
2395,22130.48
2396,51963.29
2397,4422.73
2398,9411.66
2399,6507.41
2400,13348.66
2401,58956.39
2402,4737.17
2403,26971.48
2404,44586.3
2405,6238.05
2406,4803.59
2407,4695.45
2408,11185.36
2409,11175.43
2410,40687.8
2411,6692.12
2412,5903.39
2413,2871.76
2414,61751.04
2415,10460.58
2416,43468.61
2417,11134.44
2418,5111.69
2419,5709.19
2420,6436.43
2421,7164.25
2422,63492.62
2423,4738.12
2424,2396.31
2425,4928.28
2426,62629.64
2427,5734.64
2428,51681.08
2429,60916.8
2430,13045.93
2431,22152.0
2432,66655.26
2433,7599.25
2434,6218.5
2435,7701.66
2436,4347.96
2437,57137.61
2438,47558.96
2439,4504.29
2440,54792.98
2441,4453.13
2442,6920.23
2443,5315.12
2444,2382.98
2445,3000.96
2446,12876.96
2447,7096.51
2448,8059.89
2449,5547.22
2450,6163.04
2451,3881.91
2452,9892.15
2453,6002.52
2454,48893.23
2455,14547.37
2456,57821.43
2457,23944.0
2458,13680.26
2459,42876.7
2460,44444.79
2461,6549.17
2462,6277.54
2463,6187.26
2464,7910.626666666666
2465,4458.13
2466,2152.58
2467,5826.93
2468,6272.41
2469,4984.01
2470,5608.64
2471,7562.32
2472,4243.61
2473,5231.31
2474,4678.44
2475,8309.53
2476,4791.73
2477,4062.16
2478,14290.99
2479,85132.99
2480,4804.51
2481,34327.67
2482,6013.53
2483,60241.82
2484,52814.98
2485,59804.1
2486,5675.19
2487,5840.64
2488,53228.73
2489,2713.83
2490,7850.16
2491,58928.2
2492,12778.88
2493,5042.11
2494,4448.92
2495,3886.64
2496,5318.82
2497,2474.5
2498,11058.39
2499,64045.04
2500,3663.63
2501,52872.79
2502,11631.21
2503,3159.65
2504,13865.9
2505,53004.17
2506,2875.41
2507,17549.86
2508,8597.59
2509,4227.52
2510,4725.08
2511,51221.85
2512,10738.72
2513,3753.05
2514,5940.74
2515,12956.02
2516,5144.66
2517,2476.52
2518,55061.12
2519,65014.44
2520,60336.39
2521,3451.81
2522,79646.92
2523,55839.64
2524,58796.49
2525,64010.18
2526,6646.2
2527,6304.95
2528,15045.41
2529,5350.31
2530,7621.8
2531,57203.96
2532,60918.63
2533,4930.61
2534,50804.12
2535,8053.84
2536,8145.35
2537,4286.93
2538,8729.81
2539,3352.46
2540,57156.11
2541,12794.15
2542,12554.24
2543,26680.62
2544,22497.78
2545,4631.79
2546,54684.0
2547,5980.65
2548,2115.85
2549,42531.53
2550,6343.53
2551,4481.43
2552,8630.38
2553,6580.33
2554,45282.01
2555,64013.8
2556,8134.52
2557,6198.34
2558,2307.0
2559,3101.05
2560,8125.49
2561,6727.23
2562,5923.73
2563,13229.78
2564,4780.66
2565,15541.24
2566,13779.42
2567,4091.77
2568,8154.85
2569,7877.21
2570,50821.65
2571,61307.91
2572,2124.0
2573,3285.0
2574,52100.68
2575,4534.67
2576,49498.32
2577,65196.58
2578,7798.44
2579,4752.12
2580,70198.18
2581,53274.59
2582,56562.65
2583,44987.95
2584,5285.03
2585,6023.64
2586,5177.19
2587,52688.7
2588,5156.68
2589,5263.72
2590,5721.71
2591,4174.23
2592,3421.52
2593,5911.74
2594,45388.37
2595,9723.68
2596,37590.25
2597,13010.13
2598,61956.64
2599,4810.21
2600,68212.93
2601,11290.46
2602,3876.33
2603,68296.38
2604,4666.62
2605,16303.62
2606,57057.8
2607,7175.71
2608,5659.61
2609,4457.5
2610,5838.85
2611,9132.03
2612,13115.7
2613,3152.56
2614,5968.76
2615,46905.96
2616,6723.69
2617,4463.06
2618,66488.82
2619,14754.22
2620,10118.48
2621,2495.52
2622,3983.96
2623,7461.8
2624,56121.8
2625,56566.74
2626,6312.37
2627,63340.47
2628,58431.6
2629,55299.48
2630,7154.66
2631,5375.98
2632,4445.19
2633,58336.26
2634,9537.35
2635,3313.25
2636,3854.63
2637,7356.08
2638,63342.53
2639,13103.87
2640,5872.8
2641,4080.18
2642,54686.04
2643,40957.85
2644,3905.73
2645,4265.52
2646,2544.28
2647,33358.29
2648,9636.412
2649,6124.23
2650,57349.19
2651,56964.11
2652,2260.38
2653,6169.87
2654,4048.93
2655,5026.93
2656,5214.77
2657,51300.19
2658,56358.49
2659,54313.64
2660,49087.75
2661,63095.68
2662,2284.38
2663,55476.03
2664,7695.22
2665,5478.9
2666,39348.36
2667,57574.22
2668,54417.56
2669,60351.15
2670,6378.74
2671,12398.64
2672,4669.65
2673,10250.47
2674,4583.48
2675,7264.52
2676,6422.31
2677,2409.24
2678,3423.51
2679,2527.56
2680,5490.91
2681,5371.03
2682,6872.78
2683,3381.85
2684,6628.74
2685,4900.83
2686,6000.19
2687,59556.84
2688,46323.56
2689,12557.63
2690,15338.93
2691,24204.2
2692,5607.65
2693,8894.94
2694,2468.88
2695,10622.82
2696,3508.06
2697,7782.93
2698,11414.56
2699,60732.95
2700,48718.73
2701,45395.94
2702,3126.12
2703,6758.31
2704,4500.17
2705,14330.99
2706,5908.34
2707,39109.94
2708,49725.0
2709,6012.02
2710,52419.86
2711,4958.0
2712,6234.86
2713,4498.34
2714,56498.04
2715,7428.11
2716,5619.75
2717,60608.48
2718,4288.92
2719,6415.55
2720,6814.74
2721,2422.38
2722,11380.87
2723,60485.88
2724,18134.03
2725,3665.98
2726,2716.07
2727,6082.83
2728,5399.0
2729,2711.42
2730,10597.99
2731,55456.56
2732,2923.5
2733,5806.7
2734,51672.22
2735,5258.35
2736,8144.46
2737,49629.16
2738,4474.79
2739,57872.05
2740,5523.58
2741,8746.95
2742,6596.53
2743,66283.2
2744,5814.33
2745,54735.99
2746,6757.06
2747,5455.38
2748,58088.3
2749,6913.7975
2750,11479.39
2751,57945.85
2752,6962.43
2753,65475.57
2754,4820.87
2755,5528.78
2756,5429.95
2757,62201.35
2758,2884.07
2759,42179.59
2760,7264.35
2761,51563.28
2762,17176.49
2763,6448.51
2764,52473.37
2765,12709.72
2766,9565.0
2767,8216.37
2768,55258.44
2769,11256.44
2770,45300.76
2771,3381.74
2772,2721.21
2773,3501.83
2774,3181.61
2775,11089.46
2776,7606.72
2777,10061.43
2778,12764.72
2779,8559.9
2780,53203.72
2781,48433.28
2782,8768.96
2783,7846.94
2784,12098.85
2785,6555.66
2786,4223.45
2787,9009.0
2788,7395.65
2789,6274.41
2790,3117.76
2791,2476.96
2792,1853.95
2793,51528.86
2794,4578.8
2795,52102.2
2796,8688.77
2797,11503.58
2798,6019.97
2799,45933.15
2800,6588.0
2801,5252.07
2802,4214.29
2803,29480.16
2804,4789.34
2805,6029.31
2806,61660.3
2807,63780.12
2808,4698.94
2809,54345.93
2810,6241.49
2811,4470.15
2812,6365.3
2813,12627.86
2814,1800.4
2815,9099.27
2816,8036.84
2817,7568.72
2818,5424.25
2819,2739.35
2820,4313.0
2821,7641.34
2822,5923.01
2823,4198.64
2824,5808.12
2825,2524.89
2826,8128.82
2827,4891.2
2828,55179.93
2829,7917.1
2830,4730.11
2831,2719.08
2832,6410.99
2833,4742.8
2834,4997.72
2835,9158.91
2836,2084.22
2837,8788.86
2838,51381.63
2839,51268.08
2840,5516.32
2841,45819.3
2842,48395.48
2843,56141.95
2844,56877.75
2845,2664.64
2846,5342.05
2847,22542.18
2848,7393.03
2849,3088.11
2850,53523.57
2851,6063.21
2852,6232.65
2853,49943.79
2854,54905.91
2855,12980.96
2856,9056.16
2857,50374.32
2858,5332.11
2859,18053.14
2860,6432.38
2861,4645.5
2862,8094.7
2863,4859.04
2864,59729.04
2865,2863.06
2866,2807.91
2867,5846.59
2868,15036.37
2869,53256.5
2870,11478.03
2871,45972.51
2872,56670.23
2873,9444.99
2874,12297.49
2875,6002.36
2876,6033.93
2877,5298.57
2878,7456.17
2879,10132.51
2880,39097.31
2881,2797.28
2882,52100.68
2883,45284.01
2884,6271.29
2885,3453.24
2886,43308.38
2887,8528.25
2888,23944.0
2889,3105.39
2890,1745.97
2891,5851.01
2892,46507.8
2893,6358.68
2894,4431.96
2895,8858.0
2896,17551.4
2897,5371.06
2898,3667.28
2899,12118.64
2900,6815.01
2901,4928.69
2902,55679.59
2903,12730.095
2904,49804.1
2905,5240.68
2906,47730.82
2907,5560.5
2908,52612.41
2909,47949.19
2910,9935.12
2911,8240.89
2912,5574.99
2913,5720.11
2914,56162.74
2915,5379.82
2916,5647.31
2917,5241.05
2918,7781.12
2919,55640.84
2920,11495.85
2921,3136.36
2922,8196.13
2923,11698.18
2924,47343.71
2925,13877.42
2926,8416.67
2927,5393.43
2928,5600.32
2929,39942.08
2930,10099.75
2931,17167.23
2932,6020.43
2933,70071.67
2934,13759.05
2935,57012.19
2936,47216.65
2937,8156.5
2938,7325.26
2939,5659.66
2940,4282.58
2941,55461.38
2942,5882.59
2943,6381.65
2944,3063.49
2945,15456.04
2946,60871.73
2947,11361.7
2948,43746.04
2949,4138.52
2950,5814.27
2951,7098.48
2952,7314.29
2953,57745.74
2954,17310.76
2955,53674.05
2956,12912.43
2957,6376.65
2958,5874.31
2959,6866.22
2960,6982.15
2961,3834.24
2962,3190.52
2963,10509.74
2964,7551.65
2965,48386.56
2966,3936.32
2967,4849.86
2968,56332.79944444444
2969,4834.75
2970,17852.76
2971,5601.71
2972,7916.48
2973,2474.45
2974,8355.07
2975,44180.72
2976,54360.62
2977,16093.11
2978,5670.07
2979,6360.18
2980,6228.425
2981,5858.57
2982,52541.79
2983,12832.82
2984,57659.67
2985,4880.24
2986,5185.92
2987,7059.12
2988,64360.05
2989,12048.125
2990,3910.02
2991,68540.68
2992,46029.82
2993,2094.49
2994,4703.02
2995,3188.64
2996,49131.65
2997,5988.18
2998,43859.4
2999,6014.76
3000,5674.14
3001,7595.47
3002,56668.36
3003,3408.92
3004,6286.22
3005,2994.76
3006,47441.97
3007,6634.13
3008,57733.34
3009,7343.463333333334
3010,64721.61
3011,8664.39
3012,4934.74
3013,2556.83
3014,42642.53
3015,43280.77
3016,46337.52
3017,73577.44
3018,57710.5
3019,8018.14
3020,3473.89
3021,5627.22
3022,3937.13
3023,3028.22
3024,6649.03
3025,5082.9
3026,6758.34
3027,60568.34
3028,5433.96
3029,6942.2
3030,6055.12
3031,4133.64
3032,6438.45
3033,58175.42
3034,5816.1
3035,49543.37
3036,4115.25
3037,5956.26
3038,4970.65
3039,17447.07
3040,49081.06
3041,4987.56
3042,13261.95
3043,3827.55
3044,4010.49
3045,7107.95
3046,4253.91
3047,61891.55
3048,11136.44
3049,63590.32
3050,2742.55
3051,49455.95
3052,54046.42
3053,5638.08
3054,54290.41
3055,53018.93
3056,3615.23
3057,7076.66
3058,60333.92
3059,2310.78
3060,4211.8
3061,56082.29
3062,5476.51
3063,3088.95
3064,12011.73
3065,6167.38
3066,26304.06
3067,4711.88
3068,2297.33
3069,7312.59
3070,9159.98
3071,6051.96
3072,57417.19
3073,7444.3
3074,2574.72
3075,5774.83
3076,45749.84
3077,10432.06
3078,4108.12
3079,2425.94
3080,3399.1
3081,43432.31
3082,14847.63
3083,12034.22
3084,7336.37
3085,13026.64
3086,11760.68
3087,9960.585
3088,4491.78
3089,4598.7
3090,7647.71
3091,3248.45
3092,6839.66
3093,5859.49
3094,5732.45
3095,4856.17
3096,6217.85
3097,5668.87
3098,53780.34
3099,7218.79
3100,6064.39
3101,57289.72
3102,38366.45
3103,5392.13
3104,9353.69
3105,6818.75
3106,19360.45
3107,52633.16
3108,48091.73
3109,6219.11
3110,61724.38
3111,48142.16
3112,5565.54
3113,6345.89
3114,2310.79
3115,49844.72
3116,4278.65
3117,8734.88
3118,4331.87
3119,7739.09
3120,57709.53
3121,63489.08
3122,55428.08
3123,2793.63
3124,63483.09
3125,32212.77
3126,4500.39
3127,7134.64
3128,57403.15
3129,50238.62
3130,2201.0
3131,6428.87
3132,11246.85
3133,4670.84
3134,2396.81
3135,6493.13
3136,64715.17
3137,59319.79
3138,6927.7
3139,5384.88
3140,54592.88
3141,4445.57
3142,50474.38
3143,46215.27
3144,5046.14
3145,12340.41
3146,50087.47
3147,3101.44
3148,5047.31
3149,7174.78
3150,1769.02
3151,60907.01
3152,6480.49
3153,15185.1
3154,48322.252
3155,7189.83
3156,5639.05
3157,4710.67
3158,5382.83
3159,5581.22
3160,10276.51
3161,4189.17
3162,43101.08
3163,75972.74
3164,6893.53
3165,14451.81
3166,5970.63
3167,1995.91
3168,43300.88
3169,6075.25
3170,5574.31
3171,6808.04
3172,13438.03
3173,11366.46
3174,6026.64
3175,5951.21
3176,6228.41
3177,4545.01
3178,3849.92
3179,7851.87
3180,10130.74
3181,63847.72
3182,58585.55
3183,12854.16
3184,2344.4
3185,3858.01
3186,4358.86
3187,4317.85
3188,7349.65
3189,4118.48
3190,6298.55
3191,59672.32
3192,58369.06
3193,44074.52
3194,60858.21
3195,53030.14
3196,6379.19
3197,5220.85
3198,46062.2845
3199,73552.76
3200,63890.78
3201,10790.24
3202,6301.62
3203,9036.25
3204,13483.0
3205,30320.68
3206,5885.28
3207,62515.48
3208,5676.25
3209,75876.07
3210,6380.62
3211,5605.33
3212,3299.98
3213,4923.89
3214,5527.59
3215,54170.51
3216,4700.0
3217,22927.92
3218,6307.12
3219,5350.71
3220,35079.98
3221,58843.47
3222,4035.61
3223,51378.8
3224,6515.94
3225,5528.75
3226,60943.0
3227,5210.84
3228,4111.73
3229,4861.7
3230,6624.84
3231,8688.98
3232,5690.23
3233,9557.36
3234,5093.99
3235,12830.55
3236,2750.91
3237,4362.64
3238,5535.7
3239,2029.55
3240,4835.76
3241,3744.91
3242,5827.73
3243,5171.4
3244,60335.21
3245,40712.97
3246,51574.4
3247,57182.3
3248,5639.0
3249,10477.99
3250,9819.77
3251,52829.9125
3252,5799.8
3253,69166.39
3254,5515.94
3255,4388.49
3256,5969.83
3257,72485.04
3258,50949.58
3259,6175.31
3260,5370.92
3261,23424.92
3262,2187.59
3263,6362.32
3264,12633.66
3265,5522.85
3266,3203.14
3267,3001.5
3268,6853.36
3269,2391.93
3270,6996.09
3271,2712.38
3272,17801.96
3273,6253.79
3274,5906.94
3275,5930.35
3276,22801.24
3277,2493.77
3278,57742.94
3279,51981.76
3280,5693.72
3281,6005.85
3282,5756.17
3283,6523.06
3284,4465.64
3285,5858.79
3286,5363.97
3287,12324.25
3288,4608.34
3289,12698.78
3290,8105.28
3291,51946.19
3292,11276.94
3293,11056.76
3294,55989.72
3295,59063.39
3296,55021.4
3297,4800.64
3298,6023.58
3299,4774.47
3300,4439.15
3301,13372.95
3302,7009.12
3303,54010.49
3304,4046.12
3305,5293.38
3306,5198.01
3307,5457.86
3308,51709.96
3309,4489.47
3310,39542.04
3311,5575.95
3312,37025.69
3313,13727.19
3314,5366.28
3315,7057.98
3316,28670.28
3317,6291.81
3318,10282.62
3319,56410.99
3320,5823.3
3321,2724.7
3322,5590.8
3323,4347.67
3324,3213.29
3325,7386.98
3326,3308.15
3327,45729.43
3328,13592.02
3329,4732.865
3330,6536.27
3331,12753.59
3332,3529.75
3333,6972.18
3334,7443.2
3335,54839.57
3336,57195.16
3337,13571.74
3338,4239.34
3339,60328.31
3340,4892.8
3341,9413.87
3342,4731.4
3343,2129.62
3344,2693.25
3345,43049.24
3346,54407.6
3347,11616.54
3348,4617.54
3349,67024.33
3350,53791.35
3351,5223.62
3352,6642.05
3353,5890.64
3354,4666.7
3355,10801.76
3356,6636.32
3357,6616.16
3358,13469.13
3359,2848.42
3360,56442.66
3361,66472.31
3362,4516.8
3363,11190.66
3364,2426.65
3365,5490.74
3366,9121.84
3367,7647.07
3368,13004.57
3369,5529.34
3370,7561.52
3371,3382.45
3372,1957.9
3373,33586.37
3374,8143.43
3375,52469.74
3376,37635.04
3377,12847.44
3378,4576.96
3379,55026.42
3380,55173.59
3381,5947.16
3382,2416.9
3383,10652.5
3384,2652.21
3385,3106.49
3386,61471.83
3387,5556.22
3388,14154.86
3389,8100.95
3390,4502.0
3391,66736.13
3392,36289.84
3393,43626.45
3394,61406.39
3395,55596.63
3396,57296.69
3397,3442.99
3398,2792.41
3399,50099.94
3400,5171.2
3401,61549.29
3402,59327.07
3403,9134.67
3404,15054.39
3405,17898.48
3406,5656.75
3407,15173.99
3408,5727.79
3409,8041.06
3410,55918.01
3411,4535.66
3412,9581.5
3413,2349.85
3414,2229.06
3415,41584.54
3416,9027.62
3417,54451.84
3418,71886.69
3419,5733.31
3420,5885.94
3421,5059.43
3422,16084.91
3423,4141.85
3424,9836.44
3425,54863.25
3426,22103.26
3427,18491.98
3428,49823.11
3429,6558.39
3430,44806.92
3431,3370.19
3432,4942.13
3433,8332.16
3434,5405.39
3435,5000.41
3436,13708.295
3437,60778.22
3438,12832.92
3439,5319.74
3440,5136.52
3441,6238.8
3442,10623.05
3443,55795.09
3444,5100.81
3445,8254.63
3446,47644.93
3447,5859.84
3448,6182.89
3449,54889.7
3450,5029.97
3451,5671.27
3452,4841.6
3453,54563.66
3454,3858.4
3455,13662.16
3456,59533.22
3457,47649.39
3458,13289.06
3459,56641.52
3460,50894.53
3461,3170.1
3462,6050.83
3463,2976.46
3464,5665.21
3465,60792.76
3466,4698.07
3467,6561.89
3468,47265.22
3469,63554.13
3470,2102.14
3471,41556.62
3472,67289.92
3473,58702.46
3474,53138.93
3475,22328.32
3476,13452.68
3477,7222.93
3478,11452.93
3479,61640.68
3480,4606.9
3481,5173.96
3482,43722.41
3483,37923.62
3484,27758.12
3485,61114.37
3486,6095.89
3487,12232.31
3488,17551.61
3489,5180.37
3490,41025.9
3491,8921.22
3492,12690.91
3493,30108.14
3494,3018.48
3495,7286.44
3496,15216.33
3497,7587.94
3498,6337.47
3499,5446.47
3500,5176.06
3501,13158.25
3502,63031.51
3503,45445.72
3504,15215.38
3505,55817.2
3506,13698.41
3507,5981.57
3508,6099.97
3509,3422.56
3510,58431.36
3511,3580.0
3512,59610.64
3513,4621.77
3514,50260.37
3515,11859.81
3516,2676.05
3517,12620.32
3518,12156.32
3519,8105.17
3520,5731.52
3521,12617.0
3522,5823.11
3523,5432.75
3524,2237.44
3525,5607.03
3526,5743.8
3527,50194.62
3528,4288.49
3529,3383.29
3530,5325.89
3531,3976.59
3532,9099.07
3533,8435.9
3534,2588.78
3535,38932.57
3536,42601.09
3537,4576.58
3538,5251.24
3539,5879.13
3540,4897.39
3541,3141.26
3542,1987.29
3543,7156.02
3544,2229.15
3545,4175.57
3546,3944.18
3547,3871.59
3548,31103.21
3549,55910.45
3550,49602.66
3551,6253.4
3552,5052.53
3553,4674.21
3554,48289.27
3555,60472.36
3556,5405.1
3557,5109.28
3558,5813.86
3559,10098.4
3560,59351.26
3561,56394.03
3562,7300.77
3563,6667.1
3564,2883.2
3565,13661.56
3566,2960.68
3567,7501.56
3568,3687.66
3569,3385.19
3570,70011.1
3571,2509.88
3572,3347.8
3573,6725.4
3574,9954.44
3575,61552.18
3576,55488.18
3577,12065.0
3578,4094.39
3579,5237.21
3580,54299.57
3581,53711.25
3582,69908.56
3583,22359.68
3584,34070.83
3585,53764.55
3586,4083.83
3587,6297.86
3588,55314.48
3589,53557.01
3590,14289.44
3591,5062.98
3592,58549.56
3593,11858.13
3594,8026.54
3595,7454.17
3596,11197.16
3597,55149.06
3598,7321.76
3599,52128.24
3600,2339.0
3601,4159.81
3602,6725.78
3603,12750.62
3604,7920.15
3605,45345.4
3606,8082.56
3607,40672.35
3608,59948.16
3609,4485.34
3610,5368.55
3611,64162.95
3612,12158.0
3613,5191.41
3614,62792.83
3615,4581.35
3616,11775.47
3617,4105.9
3618,11492.05
3619,6202.79
3620,4734.67
3621,11358.48
3622,49282.42
3623,4430.72
3624,9969.34
3625,60614.48
3626,25669.86
3627,11504.89
3628,7257.05
3629,5742.46
3630,2460.74
3631,5110.58
3632,10349.49
3633,8655.89
3634,11149.26
3635,61240.62
3636,11799.4
3637,1839.9
3638,4251.11
3639,2656.68
3640,3943.12
3641,3375.02
3642,5467.58
3643,60018.64
3644,5090.67
3645,3072.07
3646,5365.01
3647,6679.25
3648,41338.87
3649,57377.21
3650,4878.31
3651,8028.92
3652,58138.54
3653,6328.11
3654,5384.27
3655,11766.28
3656,5454.62
3657,3509.51
3658,49242.52
3659,3792.43
3660,4284.37
3661,57995.24
3662,1834.13
3663,55905.5
3664,6317.07
3665,4706.49
3666,43574.89
3667,8848.66
3668,11718.51
3669,5138.65
3670,13636.2
3671,3388.2
3672,49712.94
3673,50728.94
3674,2776.01
3675,11921.32
3676,10500.25
3677,3500.51
3678,10682.69
3679,3080.22
3680,3637.72
3681,66878.26
3682,56861.56
3683,7498.31
3684,44276.2
3685,56623.01
3686,3476.34
3687,4275.48
3688,42112.9
3689,60398.39
3690,5185.16
3691,5663.93
3692,6990.48
3693,9145.72
3694,75788.72
3695,6023.37
3696,4390.51
3697,4673.0
3698,71723.72
3699,58884.0
3700,2352.2
3701,17329.464071428567
3702,7224.81
3703,1737.7
3704,5579.31
3705,5926.98
3706,14579.81
3707,7927.79
3708,4550.63
3709,8665.2
3710,54539.34
3711,58195.17
3712,51132.17
3713,15648.3
3714,2629.46
3715,6884.05
3716,5010.4
3717,8415.88
3718,8665.11
3719,4082.42
3720,23799.64
3721,3945.14
3722,4525.77
3723,6543.96
3724,4230.59
3725,62709.16
3726,61780.8
3727,4751.94
3728,56463.16
3729,12678.94
3730,8295.21
3731,6799.64
3732,3092.62
3733,4438.61
3734,4990.9
3735,54901.07
3736,4027.21
3737,13044.95
3738,8968.04
3739,6608.77
3740,52648.86
3741,60419.97
3742,7685.21
3743,7157.19
3744,24105.24
3745,54401.28
3746,9261.97
3747,73243.83
3748,9474.92
3749,9744.48
3750,6449.64
3751,5455.45
3752,48836.18
3753,7980.87
3754,69644.21
3755,4848.92
3756,31843.32
3757,6647.78
3758,5620.33
3759,6330.45
3760,10233.31
3761,4750.91
3762,1988.08
3763,68626.2
3764,49297.76
3765,3905.3
3766,3734.28
3767,2417.53
3768,48670.03
3769,53526.17
3770,5227.67
3771,7050.12
3772,3495.21
3773,7290.21
3774,7626.09
3775,3360.29
3776,7543.21
3777,6040.2
3778,4824.84
3779,5446.9
3780,43240.9
3781,5545.72
3782,12678.93
3783,48473.0
3784,10672.6
3785,12952.84
3786,54741.12
3787,54437.17
3788,55889.32
3789,13801.09
3790,2433.58
3791,4514.14
3792,55973.79
3793,11919.02
3794,39720.65
3795,4931.3
3796,4897.83
3797,12483.15
3798,45070.74
3799,23398.8
3800,5287.12
3801,5814.86
3802,8567.51
3803,28851.85
3804,10273.98
3805,7719.73
3806,6261.38
3807,5564.53
3808,8405.22
3809,4812.36
3810,55436.25
3811,52691.82
3812,51332.23
3813,43377.96
3814,10031.04
3815,4883.03
3816,2144.31
3817,49933.89
3818,44892.65
3819,2419.58
3820,4045.13
3821,8100.89
3822,44897.12
3823,2569.94
3824,33922.11
3825,8962.54
3826,40246.46
3827,43182.69
3828,6932.64
3829,10912.34
3830,11626.99
3831,7078.31
3832,5613.47
3833,5607.29
3834,5132.53
3835,39009.06
3836,4459.09
3837,33889.92
3838,48195.84
3839,9092.02
3840,2198.99
3841,51158.94
3842,62130.48
3843,5411.35
3844,27864.0
3845,56988.64
3846,5161.5
3847,44524.66
3848,7595.14
3849,6384.88
3850,2995.18
3851,2959.24
3852,5944.4
3853,43200.05
3854,7102.26
3855,5063.13
3856,59278.21
3857,5707.15
3858,6701.28
3859,13255.75
3860,5451.97
3861,9555.6
3862,3094.55
3863,50634.31
3864,3818.58
3865,45969.93
3866,24061.44
3867,7816.18
3868,4961.51
3869,21912.32
3870,3080.11
3871,50151.82
3872,4401.82
3873,6137.66
3874,32299.87
3875,7333.69
3876,5997.7
3877,7313.17
3878,6610.45
3879,13688.1
3880,49553.6
3881,9147.86
3882,6147.74
3883,7290.11
3884,6574.81
3885,55761.63
3886,5167.54
3887,27969.28
3888,10876.69
3889,2503.46
3890,4392.06
3891,7153.01
3892,4705.17
3893,6807.96
3894,10737.91
3895,44341.71
3896,1794.76
3897,6724.09
3898,2266.46
3899,4435.78
3900,5577.86
3901,11170.69
3902,5594.09
3903,55443.34
3904,50359.54
3905,57268.86
3906,3790.66
3907,50468.12
3908,60836.04
3909,58125.68
3910,5876.44
3911,3973.42
3912,4131.02
3913,5004.43
3914,5406.98
3915,13228.08
3916,6161.42
3917,6636.64
3918,60101.71
3919,8979.41
3920,71145.65
3921,54701.74
3922,32107.55
3923,5418.65
3924,8041.39
3925,61128.39
3926,6959.75
3927,2555.97
3928,8231.29
3929,5143.18
3930,4280.08
3931,4837.39
3932,5835.67
3933,3893.15
3934,5693.18
3935,4481.68
3936,2128.34
3937,6891.59
3938,6912.48
3939,6739.57
3940,6679.94
3941,5352.8
3942,5495.99
3943,52728.05
3944,60939.11
3945,2750.11
3946,12378.77
3947,8037.05
3948,60127.91
3949,5063.51
3950,7467.56
3951,3558.14
3952,5986.07
3953,9482.74
3954,6990.95
3955,1696.32
3956,47794.45
3957,11153.02
3958,4314.54
3959,7381.55
3960,5223.02
3961,57435.08
3962,5664.08
3963,5519.33
3964,56770.32
3965,5833.02
3966,5082.47
3967,11161.23
3968,5060.32
3969,5046.06
3970,53677.78
3971,2976.72
3972,4152.03
3973,7193.91
3974,7450.71
3975,5704.2
3976,37510.94
3977,40579.14
3978,49943.44
3979,5464.48
3980,56077.3
3981,49372.77
3982,11140.26
3983,41244.69
3984,4057.58
3985,5456.68
3986,24954.01
3987,54999.05
3988,8634.66
3989,26155.71
3990,6611.2
3991,4561.45
3992,2636.85
3993,5534.59
3994,4124.44
3995,3816.5
3996,2407.44
3997,55547.42
3998,8500.18
3999,5171.54
4000,61363.86
4001,50065.01
4002,62805.22
4003,6307.89
4004,9914.92
4005,4450.29
4006,3047.28
4007,13310.7
4008,8339.11
4009,4728.43
4010,6597.49
4011,6557.51
4012,66722.96
4013,4275.21
4014,59199.9
4015,10051.53
4016,6026.15
4017,4807.58
4018,32136.06
4019,5018.67
4020,59238.78
4021,4012.49
4022,56906.13
4023,6301.9
4024,5988.99
4025,68953.99
4026,10717.05
4027,7046.93
4028,44756.53
4029,55612.41
4030,56136.73
4031,12269.9
4032,57261.78
4033,2695.91
4034,3322.9
4035,50376.6
4036,2412.35
4037,10825.59
4038,53134.97
4039,5301.3
4040,8367.34
4041,5240.31
4042,4108.51
4043,4438.81
4044,15844.62
4045,6184.14
4046,8541.84
4047,5164.35
4048,6659.8
4049,4652.96
4050,5528.0
4051,23322.44
4052,48487.19
4053,39614.63
4054,4225.35
4055,10394.59
4056,7558.1
4057,2772.59
4058,5453.98
4059,45669.51
4060,7351.97
4061,8259.52
4062,76124.55
4063,5518.41
4064,4297.65
4065,46383.92
4066,9919.57
4067,2486.98
4068,5430.79
4069,2139.77
4070,11705.63
4071,55444.6
4072,58689.01
4073,3024.61
4074,5113.73
4075,14581.39
4076,11471.49
4077,6914.45
4078,46709.17
4079,4429.97
4080,6051.68
4081,12404.26
4082,12271.01
4083,3322.9
4084,4468.84
4085,59823.29
4086,3822.93
4087,11339.65
4088,5859.13
4089,68008.63
4090,6757.4
4091,9385.89
4092,7320.81
4093,7486.5
4094,5777.53
4095,4345.31
4096,42239.15
4097,5392.09
4098,55901.7
4099,50173.16
4100,46694.05
4101,3825.85
4102,2953.22
4103,4837.87
4104,7154.66
4105,69424.95
4106,60030.61
4107,12303.2
4108,9987.31
4109,48056.39
4110,5641.01
4111,90884.37
4112,6810.78
4113,6073.74
4114,15623.58
4115,5788.75
4116,7112.03
4117,55045.45
4118,14744.73
4119,38150.42
4120,4983.82
4121,56291.45
4122,12433.84
4123,52054.86
4124,4571.49
4125,3857.49
4126,3218.55
4127,58958.61
4128,1733.47
4129,12747.23
4130,66312.73
4131,6285.14
4132,50745.37
4133,56560.39
4134,44328.09
4135,4679.41
4136,2661.22
4137,63607.35
4138,55564.95
4139,3396.65
4140,55425.61
4141,5372.11
4142,8674.2
4143,55707.67
4144,7159.65
4145,11752.76
4146,9477.91
4147,5585.08
4148,6863.87
4149,5668.88
4150,4577.47
4151,5225.87
4152,56869.64
4153,5371.7
4154,2748.45
4155,1838.37
4156,8338.04
4157,5005.47
4158,4617.08
4159,6761.46
4160,8124.02
4161,5593.2
4162,4888.93
4163,56276.42
4164,11745.05
4165,7552.45
4166,52813.86
4167,2675.93
4168,5056.03
4169,2179.3
4170,11219.45
4171,5485.63
4172,75036.92
4173,11489.82
4174,5971.53
4175,4935.85
4176,47084.81
4177,66538.69
4178,6731.21
4179,3806.51
4180,11004.53
4181,41136.6
4182,61810.22
4183,6154.45
4184,59953.83
4185,61135.98
4186,4005.57
4187,9512.64
4188,6394.389166666668
4189,4260.7
4190,58649.93
4191,47538.94
4192,3184.31
4193,56602.27
4194,45454.98
4195,56446.67
4196,5878.94
4197,7911.34
4198,2696.86
4199,59210.59
4200,2711.96
4201,49369.25
4202,22152.0
4203,6765.04
4204,6511.95
4205,5833.9
4206,4996.62
4207,34858.65
4208,4652.82
4209,11095.18
4210,41523.16
4211,5099.27
4212,7934.32
4213,8551.6
4214,5008.16
4215,5812.33
4216,49413.92
4217,11008.056666666665
4218,7020.93
4219,5565.67
4220,13151.77
4221,4963.35
4222,3777.33
4223,66369.16
4224,5371.53
4225,7446.15
4226,46156.73
4227,56536.1
4228,3167.69
4229,45934.75
4230,4726.23
4231,56963.24
4232,6601.58
4233,4907.27
4234,11566.63
4235,50108.01
4236,6181.32
4237,10898.63
4238,5825.42
4239,53537.06
4240,11822.35
4241,9538.09
4242,2955.84
4243,4474.95
4244,5859.82
4245,6098.7
4246,3408.29
4247,6822.7
4248,5736.84
4249,3031.11
4250,56750.25
4251,10967.28
4252,7886.4325
4253,4310.02
4254,52749.64
4255,2935.45
4256,4813.74
4257,4956.95
4258,6430.95
4259,68882.18
4260,62736.0
4261,2931.76
4262,4035.84
4263,48947.61
4264,3613.32
4265,6272.44
4266,5732.34
4267,44483.79
4268,38108.805
4269,76098.86
4270,9735.14
4271,22765.42
4272,4434.6
4273,2566.75
4274,4406.78
4275,6365.43
4276,5348.85
4277,3404.54
4278,11962.12
4279,48657.41
4280,5454.21
4281,5685.13
4282,7030.15
4283,10986.77
4284,66037.93333333333
4285,5847.69
4286,1959.42
4287,9273.61
4288,52461.06
4289,54543.5
4290,13746.92
4291,8501.87
4292,5549.98
4293,31912.06
4294,5478.96
4295,6096.99
4296,49997.82
4297,19136.7
4298,43980.54
4299,54861.42
4300,54469.28
4301,69127.32
4302,5413.76
4303,17156.37
4304,56967.22
4305,7231.21
4306,86501.41
4307,6546.23
4308,2949.48
4309,55366.86
4310,44476.79
4311,51562.77
4312,28209.15
4313,46563.61
4314,5966.99
4315,57659.67
4316,6118.53
4317,64632.71
4318,46907.88
4319,4396.83
4320,4742.26
4321,7229.84
4322,18900.18
4323,12387.93
4324,61937.49
4325,6587.8
4326,5634.37
4327,6277.89
4328,50032.46
4329,67027.03
4330,5628.48
4331,9357.41
4332,7160.9
4333,46736.0
4334,8064.3
4335,2847.71
4336,76827.84
4337,4285.95
4338,2346.56
4339,54910.15
4340,6593.69
4341,43822.38
4342,4526.93
4343,55412.76
4344,57675.87
4345,6020.03
4346,7933.25
4347,6192.09
4348,3492.49
4349,13389.65
4350,59234.45
4351,5828.58
4352,4234.34
4353,72999.73
4354,3898.65
4355,9282.78
4356,43987.02
4357,49688.36
4358,3900.96
4359,13366.28
4360,4432.39
4361,48784.86
4362,44519.54
4363,5333.4
4364,43488.61
4365,71318.3
4366,65122.45
4367,39896.55
4368,5811.93
4369,54312.2
4370,1429.99
4371,6834.9
4372,63434.5
4373,6098.18
4374,7869.57
4375,59557.44
4376,4879.69
4377,12307.64
4378,33219.37
4379,68690.84
4380,3532.6
4381,56172.07
4382,7906.33
4383,1626.54
4384,70748.7
4385,4304.19
4386,6152.0
4387,4476.89
4388,6856.8
4389,4680.28
4390,11701.88
4391,4806.67
4392,5087.79
4393,7877.3
4394,6393.43
4395,4612.93
4396,60374.99
4397,47718.15
4398,39131.56
4399,68947.37
4400,4920.4
4401,17852.12
4402,60115.54
4403,5314.26
4404,6492.49
4405,1775.07
4406,50016.05
4407,57106.36
4408,5707.1
4409,5275.18
4410,6507.95
4411,5682.513333333332
4412,4531.54
4413,42904.79
4414,4502.06
4415,8671.44
4416,7197.03
4417,55861.92
4418,5732.06
4419,59078.88
4420,51993.69
4421,6992.93
4422,57680.14
4423,6149.77
4424,4975.91
4425,5123.48
4426,50822.73
4427,2306.75
4428,7356.95
4429,5777.53
4430,47979.15
4431,10765.216
4432,11506.49
4433,6907.69
4434,51948.19
4435,34919.31
4436,3107.82
4437,3244.83
4438,4778.07
4439,6641.59
4440,6014.12
4441,9307.52
4442,13714.43
4443,16964.82
4444,4130.02
4445,51776.34
4446,4495.06
4447,12829.33
4448,3855.36
4449,2902.95
4450,42572.0
4451,4922.76
4452,9869.66
4453,5139.06
4454,10753.89
4455,7278.48
4456,3374.48
4457,5091.7
4458,41396.59
4459,7044.07
4460,5968.49
4461,12383.76
4462,5290.43
4463,6453.43
4464,5525.23
4465,5486.22
4466,10226.42
4467,54326.9
4468,26336.02
4469,12594.52
4470,2615.71
4471,45117.0
4472,7210.33
4473,5151.25
4474,4892.88
4475,51048.03
4476,8701.28
4477,71770.52
4478,4881.85
4479,3367.73
4480,5139.08
4481,58688.47
4482,4976.75
4483,3370.94
4484,30623.36
4485,54450.54
4486,3734.71
4487,11594.17
4488,3005.46
4489,3984.91
4490,49003.57
4491,49351.8
4492,55746.01
4493,7685.18
4494,49523.45
4495,7861.97
4496,50733.8
4497,73316.73
4498,22198.36
4499,56521.46
4500,57271.0
4501,8383.86
4502,6799.85
4503,7876.49
4504,4061.78
4505,11240.84
4506,46564.59
4507,5663.82
4508,5705.02
4509,57165.14
4510,52855.21
4511,3949.1
4512,6603.1
4513,6431.85
4514,5438.615
4515,33814.64
4516,5884.0
4517,61866.89
4518,4730.91
4519,6374.64
4520,6174.9
4521,13899.85
4522,6352.46
4523,5280.63
4524,10808.95
4525,5793.85
4526,5435.02
4527,5799.91
4528,15063.82
4529,4118.99
4530,2177.53
4531,4389.57
4532,12552.69
4533,56211.44
4534,6342.15
4535,48903.29
4536,56899.94
4537,4403.34
4538,4233.15
4539,5185.32
4540,5773.67
4541,7820.95
4542,10861.07
4543,53482.32
4544,28412.38
4545,7359.97
4546,49014.19
4547,54314.33
4548,69854.45
4549,5720.74
4550,5668.4
4551,4235.63
4552,6203.37
4553,10069.12
4554,24511.09
4555,8920.45
4556,50526.76
4557,13917.79
4558,13343.52
4559,40035.33
4560,67019.85
4561,7562.28
4562,5416.53
4563,4851.03
4564,4151.59
4565,40777.28
4566,5392.82
4567,11337.3
4568,4574.86
4569,4481.64
4570,4039.83
4571,6367.72
4572,5972.12
4573,9111.03
4574,2850.33
4575,6355.26
4576,5258.18
4577,6126.71
4578,5622.49
4579,1986.1
4580,8693.24
4581,4774.41
4582,54940.39
4583,4182.57
4584,54025.21
4585,3129.79
4586,3060.41
4587,10318.92
4588,50694.03
4589,4374.4
4590,48414.89
4591,10327.98
4592,12817.11
4593,3213.53
4594,36294.78
4595,3731.24
4596,5597.32
4597,7955.38
4598,4422.62
4599,2483.2
4600,6274.06
4601,45291.95
4602,17396.21
4603,56211.37
4604,9203.4
4605,44421.49
4606,7492.79
4607,3108.54
4608,6768.43
4609,4245.42
4610,6800.93
4611,53844.79
4612,68243.36
4613,3985.15
4614,1823.17
4615,56464.98
4616,2286.94
4617,3573.49
4618,5594.1
4619,49624.82
4620,2488.33
4621,10084.52
4622,2969.14
4623,1956.81
4624,9724.38
4625,14284.34
4626,9248.55
4627,36865.88
4628,3267.68
4629,6657.25
4630,11200.41
4631,5671.82
4632,8755.69
4633,68378.82
4634,59736.75
4635,8054.01
4636,56384.22
4637,12159.42
4638,12887.39
4639,47120.7
4640,3710.05
4641,5507.4
4642,8065.31
4643,50271.0
4644,11510.766666666668
4645,3874.04
4646,9678.02
4647,52698.74
4648,2813.65
4649,67331.13
4650,44036.41
4651,13533.57
4652,4347.85
4653,12555.12
4654,42667.43
4655,11116.44
4656,62379.39
4657,64563.87
4658,13293.78
4659,6208.7
4660,58304.81
4661,5300.24
4662,66532.32
4663,15503.53
4664,61656.29
4665,54270.81
4666,4995.52
4667,6780.74
4668,15058.31
4669,4641.46
4670,11264.11
4671,63668.67
4672,10129.64
4673,50503.24
4674,6217.54
4675,55079.16
4676,4229.55
4677,56085.46
4678,44280.98
4679,72775.71
4680,6999.03
4681,5476.93
4682,22472.98
4683,14494.92
4684,55349.69
4685,51937.65
4686,6745.7
4687,44253.93
4688,7230.56
4689,66687.68
4690,10627.48
4691,14307.3
4692,5658.61
4693,55374.05
4694,6830.84
4695,59556.58
4696,6482.8
4697,47029.19
4698,21503.2
4699,25771.66
4700,59440.13585714285
4701,6984.87
4702,6220.71
4703,4416.19
4704,14444.25
4705,8472.46
4706,6055.66
4707,5489.11
4708,2152.09
4709,55915.41
4710,2946.27
4711,8334.08
4712,6737.95
4713,13697.46
4714,6044.2
4715,46505.73
4716,5882.82
4717,4540.6
4718,27199.5
4719,33905.44
4720,53364.75
4721,40454.37
4722,15758.8
4723,28547.2
4724,33528.05
4725,5804.05
4726,5880.91
4727,6495.03
4728,45784.9
4729,4688.23
4730,53971.7
4731,8803.87
4732,70233.73
4733,52075.44
4734,5372.37
4735,52816.84
4736,5347.97
4737,5165.78
4738,45329.05
4739,4942.47
4740,7715.02
4741,49249.34
4742,3151.75
4743,2268.12
4744,5484.16
4745,8690.48
4746,4948.72
4747,50468.31
4748,54158.58
4749,40539.67
4750,10779.38
4751,68287.33485714285
4752,9084.19
4753,6474.98
4754,69459.03
4755,8272.75
4756,3429.22
4757,5567.15
4758,8545.22
4759,2506.28
4760,68141.37
4761,5712.24
4762,44514.86
4763,8962.04
4764,4614.3
4765,10484.71
4766,55957.56
4767,64435.04
4768,62349.88
4769,8160.49
4770,8031.72
4771,4499.0
4772,2683.57
4773,10503.05
4774,53485.56
4775,4596.4
4776,4916.12
4777,49758.72
4778,68956.27
4779,55040.02
4780,3856.42
4781,49683.11
4782,6081.41
4783,43569.83
4784,43746.04
4785,33168.86
4786,5092.92
4787,4726.85
4788,49739.77
4789,7213.46
4790,39701.87
4791,56272.55
4792,7070.3
4793,54048.02
4794,6168.81
4795,84210.3
4796,23490.1
4797,45287.63
4798,8373.92
4799,4777.56
4800,4739.4
4801,2912.87
4802,4161.88
4803,6810.81
4804,5822.09
4805,42431.26
4806,6105.51
4807,4488.76
4808,2971.44
4809,3369.65
4810,5593.29
4811,9646.34
4812,49645.77
4813,6006.01
4814,3106.17
4815,17760.43
4816,8053.12
4817,2866.81
4818,4036.08
4819,3636.6
4820,2886.68
4821,42606.98
4822,61706.83
4823,4956.29
4824,10919.33
4825,8708.13
4826,50271.0
4827,7162.08
4828,5258.54
4829,6028.16
4830,5541.31
4831,7393.77
4832,5848.43
4833,46967.44
4834,5845.97
4835,5933.68
4836,23441.86
4837,56741.4
4838,5037.26
4839,6295.38
4840,63066.34
4841,48545.04
4842,5586.24
4843,50114.95
4844,18729.325
4845,59924.18
4846,5117.58
4847,6378.0
4848,3016.89
4849,43318.09
4850,3261.99
4851,2941.25
4852,6495.49
4853,9780.68
4854,16439.69
4855,4293.48
4856,4511.71
4857,6481.05
4858,5485.13
4859,5699.64
4860,54024.6
4861,6923.68
4862,5192.14
4863,9160.25
4864,48147.93
4865,4551.57
4866,5165.11
4867,3118.06
4868,4702.17
4869,5881.19
4870,6668.78
4871,53296.33
4872,6376.81
4873,10663.58
4874,51095.12
4875,51220.42
4876,6619.83
4877,6141.76
4878,2720.34
4879,45401.55
4880,6789.51
4881,13577.68
4882,52301.205
4883,10603.54
4884,55940.78
4885,60226.88
4886,3435.83
4887,2289.18
4888,7851.0
4889,3448.3
4890,1806.34
4891,56340.87
4892,6010.79
4893,14864.88
4894,8362.87
4895,5572.6
4896,6424.23
4897,13041.12
4898,3381.43
4899,44839.05
4900,6243.27
4901,5785.38
4902,9242.68
4903,7043.54
4904,32882.89
4905,4814.89
4906,66613.61
4907,4922.17
4908,59755.54
4909,2203.16
4910,4984.135
4911,4820.64
4912,6957.68
4913,8038.58
4914,5988.31
4915,59730.47
4916,2561.71
4917,47626.21
4918,51576.18
4919,8109.26
4920,2488.34
4921,74657.47
4922,7024.22
4923,76780.43
4924,6094.01
4925,8184.33
4926,36372.51
4927,12101.11
4928,5646.14
4929,6219.9
4930,55564.59
4931,50271.0
4932,5518.37
4933,4466.34
4934,12957.94
4935,7657.3
4936,5470.62
4937,5965.66
4938,5796.92
4939,45745.84
4940,6455.18
4941,4446.73
4942,5914.86
4943,6194.33
4944,45031.09
4945,53868.41
4946,5176.66
4947,33651.56
4948,7248.78
4949,5036.67
4950,4544.835
4951,37985.0
4952,4342.57
4953,42439.57
4954,2526.9
4955,4365.63
4956,5486.12
4957,4362.39
4958,4390.12
4959,6885.34
4960,4612.17
4961,6222.65
4962,13187.56
4963,5194.81
4964,12923.07
4965,4516.62
4966,56517.09
4967,67243.23
4968,4309.44
4969,2933.02
4970,12131.71
4971,4601.92
4972,4474.32
4973,12997.65
4974,7779.8
4975,7479.42
4976,54578.2
4977,6418.6
4978,3718.19
4979,4960.59
4980,49014.55
4981,5156.06
4982,4081.94
4983,13030.16
4984,3083.46
4985,6187.92
4986,6270.16
4987,3832.9
4988,5469.98
4989,48942.68
4990,28856.09
4991,17636.14
4992,54081.56
4993,7491.01
4994,10645.62
4995,6394.39
4996,59999.73
4997,4446.6
4998,50241.77
4999,48818.72
5000,64638.03
